{
    "transactionHeader": {
      "tipVersion": "5.1.0",
      "transactionId": {
        "transactionId": "4162EF00-24D6-4B5F-BBAD-C8E1879FEC46",
        "transactionType": "New",
        "sourceId": "757C28B5-B573-4969-826D-74C17225CBAD",
        "sourceName": "Canvas Worldwide"
      },
      "timeStamp": "2020-02-05T19:17:28Z"
    },
    "referenceIds": [
      {
        "referenceSourceName": "Canvas Worldwide. LLC",
        "referenceSourceId": "456",
        "referenceSourceLookup": "",
        "referenceType": "RFP",
        "referenceId": 1234,
        "referenceVersionId": "0",
        "referenceName": "Hyundia P25-54 1Q"
      },
      {
        "referenceSourceName": "KHOU-TV",
        "referenceSourceId": "490",
        "referenceSourceLookup": "",
        "referenceType": "Proposal",
        "referenceId": 4567,
        "referenceVersionId": "2",
        "referenceName": "Hyundia P25-54 1Q"
      },
      {
        "referenceSourceName": "Canvas Worldwide. LLC",
        "referenceSourceId": "456",
        "referenceSourceLookup": "",
        "referenceType": "Order",
        "referenceId": 7623,
        "referenceVersionId": "1",
        "referenceName": "Hyundia P25-54 1Q"
      }
    ],
    "orderBookedDate": "2020-02-10",
    "buyer": {
      "buyerId": "456",
      "buyerName": "Canvas Worldwide. LLC",
      "buyerReference": ""
    },
    "commission": 0.15,
    "advertiser": {
      "advertiserId": "34",
      "advertiserName": "Hyundai",
      "advertiserReference": ""
    },
    "brand": {
      "brandId": "19",
      "brandName": "Kona",
      "brandReference": ""
    },
    "product": {
      "productId": "89",
      "productName": "Automobile",
      "productReference": ""
    },
    "budget":{
      "budgetAmount":85000
    },
    "cpeCode": {
      "clientCode": "HYUN",
      "productCode": "AUTO",
      "estimateCode": "987"
    },
    "contacts": [
      {
        "contactType": "Account Executive",
        "referenceSourceName": "Tegna",
        "referenceSourceId": "12",
        "contactFirstName": "Mary",
        "contactLastName": "McCoy",
        "addressLine1": "5718 Westheimer Road",
        "addressLine2": "Suite 501",
        "city": "Houston",
        "state": "TX",
        "postalCode": "77057",
        "country": "USA",
        "phoneNumber": "713-555-5555",
        "email": "mmcoy@email.com",
        "effectiveDate": "2007-02-17"
      },
      {
        "contactType": "Buyer",
        "referenceSourceName": "Canvas",
        "referenceSourceId": "45",
        "contactFirstName": "Scott",
        "contactLastName": "Evans",
        "addressLine1": "75 Varvick Street",
        "addressLine2": "2nd Floor",
        "city": "New York",
        "state": "NY",
        "postalCode": "10013",
        "country": "USA",
        "phoneNumber": "212-555-5555",
        "email": "sevans@email.com",
        "effectiveDate": "2008-07-17"
      }
    ],
    "revenueType": "Cash",
    "businessType": "Standard",
    "localNational": "National",
    "dealYear": "2020-2021",
    "calendarType": "Broadcast",
    "billingOption": {
      "billingCalendar": "Broadcast",
      "billingCycle": "Month",
      "billingGranularity": "Order"
    },
    "equivalized": false,
    "dateWindow": [
      {
        "startDate": "2020-02-17",
        "endDate": "2020-03-01"
      }
    ],
    "cancellationTerms": {
      "cancellationType": "Quarterly",
      "cancellation": "1Q",
      "cancellationPriorDays": 10,
      "cancellationPercentage": 0.15
    },
    "timeSeparations": [
      {
        "unitLength": 30,
        "timeSeparation": 600
      },
      {
        "unitLength": 15,
        "timeSeparation": 900
      }
    ],
    "termsOfSales": "Contract Terms",
    "externalComment": "My comments are here",
    "rateCard": {
      "rateCardId": "123",
      "rateCardName": "Canvas WW standard ratecard"
    },
    "currency": "USD",
    "mediaOutlets": [
      {
        "mediaOutletId": "456",
        "mediaOutletName": "KHOU-TV",
        "mediaOutletType": "Local Television",
        "mediaOutletChannel": "KHOU-TV",
        "mediaOutletMarketName": "Houston",
        "mediaOutletReference": "Any Reference"
      },
      {
        "mediaOutletId": "457",
        "mediaOutletName": "KTBU-TV",
        "mediaOutletType": "Local Television",
        "mediaOutletChannel": "KTBU-TV",
        "mediaOutletMarketName": "Houston",
        "mediaOutletReference": "Any Reference"
      }
    ],
    "audienceSegments": [
      {
        "mediaOutletId": "456",
        "audienceSegment": {
          "audienceSegmentId": "P25-54",
          "audienceSegmentName": "P25-54",
          "audienceSegmentReference": "",
          "audienceMethodology": "",
          "primaryIndicator": true,
          "guarantee": true,
          "ratingSource": "Nielsen",
          "ratingStream": "Program Live"
        },
        "universes": [
          {
            "universeType": "DMA",
            "universeTypeValue": 39000
          }
        ]
      },
      {
        "mediaOutletId": "456",
        "audienceSegment": {
          "audienceSegmentId": "P25-54",
          "audienceSegmentName": "P25-54",
          "audienceSegmentReference": "",
          "audienceMethodology": "",
          "primaryIndicator": true,
          "guarantee": false,
          "ratingSource": "Nielsen",
          "ratingStream": "Program Live"
        },
        "universes": [
          {
            "universeType": "DMA",
            "universeTypeValue": 39000
          }
        ]
      }
    ],
    "salesElements": [
      {
        "salesElement": {
          "mediaOutletId": "456",
          "salesElementName": "CBS This Morning",
          "salesElementId": "999",
          "salesElementType": "Program  Based"
        },
        "timePeriods": [
          {
            "dateWindow": {
              "startDate": "2020-01-01",
              "endDate": "2020-06-01"
            },
            "DOW": {
              "monday": true,
              "tuesday": true,
              "wednesday": true,
              "thursday": true,
              "friday": true,
              "saturday": false,
              "sunday": false
            },
            "timeWindow": {
              "startTime": "07:00:00",
              "endTime": "09:00:00"
            }
          }
        ],
        "programs": [
          "CBS This Morning"
        ],
        "salesElementTransactionInventory": [
          {
            "lineNum": "1",
            "lineReference": "",
            "inventoryType": "Commercial",
            "linkType": {
              "linkType": "",
              "linkNum": 0,
              "linkSeq": 0
            },
            "inventoryPosition": "",
            "inventoryLength": 30,
            "adu": null,
            "bonus": null,
            "externalComment":"Comments",
            "salesElementTransactionDates": [
              {
                "dateType": "Week",
                "calendarType": "Broadcast",
                "dateWindow": {
                  "startDate": "2020-02-17",
                  "endDate": "2020-02-23"
                },
                "unitCount": 2,
                "dailyUnitDistribution": {
                  "monday": 0,
                  "tuesday": 0,
                  "wednesday": 0,
                  "thursday": 0,
                  "friday": 0,
                  "saturday": 0,
                  "sunday": 0
                },
                "rate": 525.00,
                "externalComment":"comments",
                "audiencesPricingMetrics": [
                  {
                    "audienceSegmentId": "P25-54",
                    "audienceMetric": {
                      "audienceMetric": "Impressions",
                      "audienceMetricValue": 310000
                    },
                    "pricingMetric": {
                      "pricingMetric": "CPM",
                      "pricingMetricValue": 1.69
                    }
                  }
                ]
              },
              {
                "dateType": "Week",
                "calendarType": "Broadcast",
                "dateWindow": {
                  "startDate": "2020-02-24",
                  "endDate": "2020-03-01"
                },
                "unitCount": 3,
                "dailyUnitDistribution": {
                  "monday": 0,
                  "tuesday": 0,
                  "wednesday": 0,
                  "thursday": 0,
                  "friday": 0,
                  "saturday": 0,
                  "sunday": 0
                },
                "rate": 525.00,
                "audiencesPricingMetrics": [
                  {
                    "audienceSegmentId": "P25-54",
                    "audienceMetric": {
                      "audienceMetric": "Impressions",
                      "audienceMetricValue": 310000
                    },
                    "pricingMetric": {
                      "pricingMetric": "CPM",
                      "pricingMetricValue": 1.69
                    }
                  }
                ]
              }
            ]
          },
          {
            "lineNum": "2",
            "lineReference": "",
            "inventoryType": "Commercial",
            "linkType": {
              "linkType": "",
              "linkNum": 0,
              "linkSeq": 0
            },
            "inventoryPosition": "First",
            "inventoryLength": 15,
            "adu": null,
            "bonus": null,
            "externalComment":"Comments",
            "salesElementTransactionDates": [
              {
                "dateType": "Week",
                "calendarType": "Broadcast",
                "dateWindow": {
                  "startDate": "2020-02-17",
                  "endDate": "2020-02-23"
                },
                "unitCount": null,
                "dailyUnitDistribution": {
                  "monday": 0,
                  "tuesday": 0,
                  "wednesday": 0,
                  "thursday": 1,
                  "friday": 0,
                  "saturday": 0,
                  "sunday": 0
                },
                "rate": 600.00,
                "externalComment":"comments",
                "audiencesPricingMetrics": [
                  {
                    "audienceSegmentId": "P25-54",
                    "audienceMetric": {
                      "audienceMetric": "Impressions",
                      "audienceMetricValue": 310000
                    },
                    "pricingMetric": {
                      "pricingMetric": "CPM",
                      "pricingMetricValue": 1.94
                    }
                  }
                ]
              },
              {
                "dateType": "Week",
                "calendarType": "Broadcast",
                "dateWindow": {
                  "startDate": "2020-02-24",
                  "endDate": "2020-03-01"
                },
                "unitCount": null,
                "dailyUnitDistribution": {
                  "monday": 0,
                  "tuesday": 0,
                  "wednesday": 0,
                  "thursday": 1,
                  "friday": 0,
                  "saturday": 0,
                  "sunday": 0
                },
                "rate": 600.00,
                "audiencesPricingMetrics": [
                  {
                    "audienceSegmentId": "P25-54",
                    "audienceMetric": {
                      "audienceMetric": "Impressions",
                      "audienceMetricValue": 310000
                    },
                    "pricingMetric": {
                      "pricingMetric": "CPM",
                      "pricingMetricValue": 1.94
                    }
                  }
                ]
              }
            ]
          }
        ]
      },
      {
        "salesElement": {
          "mediaOutletId": "456",
          "salesElementName": "Prime Weekday",
          "salesElementId": "55",
          "salesElementType": "Time  Based"
        },
        "timePeriods": [
          {
            "dateWindow": {
              "startDate": "2020-01-01",
              "endDate": "2020-06-01"
            },
            "DOW": {
              "monday": true,
              "tuesday": true,
              "wednesday": true,
              "thursday": true,
              "friday": true,
              "saturday": false,
              "sunday": false
            },
            "timeWindow": {
              "startTime": "19:00:00",
              "endTime": "22:00:00"
            }
          }
        ],
        "programs": [
        ],
        "salesElementTransactionInventory": [
          {
            "lineNum": "3",
            "lineReference": "",
            "inventoryType": "Commercial",
            "linkType": {
              "linkType": "",
              "linkNum": 0,
              "linkSeq": 0
            },
            "inventoryPosition": "",
            "inventoryLength": 30,
            "adu": null,
            "bonus": null,
            "externalComment":"Comments",
            "salesElementTransactionDates": [
              {
                "dateType": "Week",
                "calendarType": "Broadcast",
                "dateWindow": {
                  "startDate": "2020-02-17",
                  "endDate": "2020-02-23"
                },
                "unitCount": null,
                "dailyUnitDistribution": {
                  "monday": 2,
                  "tuesday": 2,
                  "wednesday": 2,
                  "thursday": 2,
                  "friday": 2,
                  "saturday": 0,
                  "sunday": 0
                },
                "rate": 150.00,
                "externalComment":"comments",
                "audiencesPricingMetrics": [
                  {
                    "audienceSegmentId": "P25-54",
                    "audienceMetric": {
                      "audienceMetric": "Impressions",
                      "audienceMetricValue": 12000
                    },
                    "pricingMetric": {
                      "pricingMetric": "CPM",
                      "pricingMetricValue": 1.25
                    }
                  }
                ]
              },
              {
                "dateType": "Week",
                "calendarType": "Broadcast",
                "dateWindow": {
                  "startDate": "2020-02-24",
                  "endDate": "2020-03-01"
                },
                "unitCount": null,
                "dailyUnitDistribution": {
                  "monday": 2,
                  "tuesday": 2,
                  "wednesday": 2,
                  "thursday": 2,
                  "friday": 2,
                  "saturday": 0,
                  "sunday": 0
                },
                "rate": 150.00,
                "audiencesPricingMetrics": [
                  {
                    "audienceSegmentId": "P25-54",
                    "audienceMetric": {
                      "audienceMetric": "Impressions",
                      "audienceMetricValue": 120000
                    },
                    "pricingMetric": {
                      "pricingMetric": "CPM",
                      "pricingMetricValue": 1.25
                    }
                  }
                ]
              }
            ]
          }
        ]
      },
      {
        "salesElement": {
          "mediaOutletId": "457",
          "salesElementName": "KTVU Morning News",
          "salesElementId": "888",
          "salesElementType": "Program  Based"
        },
        "timePeriods": [
          {
            "dateWindow": {
              "startDate": "2020-01-01",
              "endDate": "2020-06-01"
            },
            "DOW": {
              "monday": true,
              "tuesday": true,
              "wednesday": true,
              "thursday": true,
              "friday": true,
              "saturday": false,
              "sunday": false
            },
            "timeWindow": {
              "startTime": "07:00:00",
              "endTime": "09:00:00"
            }
          }
        ],
        "programs": [ "KTVU Morning News"
        ],
        "salesElementTransactionInventory": [
          {
            "lineNum": "4",
            "lineReference": "",
            "inventoryType": "Commercial",
            "linkType": {
              "linkType": "",
              "linkNum": 0,
              "linkSeq": 0
            },
            "inventoryPosition": "",
            "inventoryLength": 30,
            "adu": null,
            "bonus": null,
            "externalComment":"Comments",
            "salesElementTransactionDates": [
              {
                "dateType": "Week",
                "calendarType": "Broadcast",
                "dateWindow": {
                  "startDate": "2020-02-17",
                  "endDate": "2020-02-23"
                },
                "unitCount": 2,
                "dailyUnitDistribution": {
                  "monday": 0,
                  "tuesday": 0,
                  "wednesday": 0,
                  "thursday": 0,
                  "friday": 0,
                  "saturday": 0,
                  "sunday": 0
                },
                "rate": 375.00,
                "externalComment":"comments",
                "audiencesPricingMetrics": [
                  {
                    "audienceSegmentId": "P25-54",
                    "audienceMetric": {
                      "audienceMetric": "Impressions",
                      "audienceMetricValue": 210000
                    },
                    "pricingMetric": {
                      "pricingMetric": "CPM",
                      "pricingMetricValue": 1.79
                    }
                  }
                ]
              },
              {
                "dateType": "Week",
                "calendarType": "Broadcast",
                "dateWindow": {
                  "startDate": "2020-02-24",
                  "endDate": "2020-03-01"
                },
                "unitCount": 3,
                "dailyUnitDistribution": {
                  "monday": 0,
                  "tuesday": 0,
                  "wednesday": 0,
                  "thursday": 0,
                  "friday": 0,
                  "saturday": 0,
                  "sunday": 0
                },
                "rate": 375.00,
                "audiencesPricingMetrics": [
                  {
                    "audienceSegmentId": "P25-54",
                    "audienceMetric": {
                      "audienceMetric": "Impressions",
                      "audienceMetricValue": 210
                    },
                    "pricingMetric": {
                      "pricingMetric": "CPM",
                      "pricingMetricValue": 1.79
                    }
                  }
                ]
              }
            ]
          }
        ]
      }
    ]
  }