{
    "transactionHeader": {
      "tipVersion": "5.1.0",
      "transactionId": {
        "transactionId": "3fa85f64-5717-4562-b3fc-2c963f66afa6",
        "transactionType": "Recall",
        "sourceId": "490",
        "sourceName": "KHOU-TV"
      },
      "originalTransactionId": {
        "transactionId": "B906A0A9-19FA-4F06-B94D-22E4F1D9120C",
        "transactionType": "New",
        "sourceId": "490",
        "sourceName": "KHOU-TV"
      },
      "timeStamp": "2020-07-17T20:04:55.220Z"
    },
    "referenceIds": [
      {
        "referenceSourceName": "KHOU-TV",
        "referenceSourceId": "490",
        "referenceSourceLookup": "",
        "referenceType": "Proposal",
        "referenceId": "4FA95594-F0D6-40E0-AE46-F576C9057AA3",
        "referenceVersionId": "",
        "referenceName": "Q2 Proposal for Premium Sport Equipments"
      }
    ],
    "comments": "Sorry for sending incomplete proposal; Per our discussion 10% discount will be applied"
  }