{
    "transactionHeader": {
      "tipVersion": "5.1.0",
      "transactionId": {
        "transactionId": "B906A0A9-19FA-4F06-B94D-22E4F1D9120C",
        "transactionType": "New",
        "sourceId": "490",
        "sourceName": "KHOU-TV"
      },
      "timeStamp": "2020-02-05T11:52:38"
    },
    "referenceIds": [
      {
        "referenceSourceName": "KHOU-TV",
        "referenceSourceId": "490",
        "referenceType": "Proposal",
        "referenceId": 4567,
        "referenceVersionId": "2",
        "referenceName": "Hyundia P25-54 1Q"
      },
      {
        "referenceSourceName": "Canvas Worldwide. LLC",
        "referenceSourceId": "456",
        "referenceType": "Order",
        "referenceId": 7623,
        "referenceVersionId": "2",
        "referenceName": "Hyundia P25-54 1Q"
      },
      {
        "referenceSourceName": "KHOU-TV",
        "referenceSourceId": "490",
        "referenceType": "Order",
        "referenceId": 32323,
        "referenceVersionId": "2",
        "referenceName": "Hyundia P25-54 1Q"
      },
      {
        "referenceSourceName": "KHOU-TV",
        "referenceSourceId": "490",
        "referenceType": "Invoice",
        "referenceId": 45,
        "referenceVersionId": "0",
        "referenceName": "Hyundia P25-54 1Q"
      }
    ],
    "invoiceDate": "2020-03-02",
    "billingOption": {
      "billingCalendar": "Broadcast",
      "billingCycle": "Month",
      "billingGranularity": "Order"
    },
    "dueDate": "2020-04-13",
    "dateWindow": {
      "startDate": "2020-01-26",
      "endDate": "2020-02-23"
    },
    "businessType": "Standard",
    "buyer": {
      "buyerId": "456",
      "buyerName": "Canvas Worldwide. LLC",
      "buyerReference": "Optional: Reference text here"
    },
    "localNational": "National",
    "advertiser": {
      "advertiserId": "34",
      "advertiserName": "Hyundai",
      "advertiserReference": "53"
    },
    "contacts": [
      {
        "contactType": "Account Executive",
        "referenceSourceName": "KHOU-TV",
        "referenceSourceId": "490",
        "contactFirstName": "Mary",
        "contactLastName": "McCoy",
        "addressLine1": "5718 Westheimer Road",
        "city": "Houston",
        "state": "TX",
        "postalCode": "77057",
        "country": "USA",
        "phoneNumber": "713-555-5555",
        "email": "mmcoy@email.com",
        "effectiveDate": "2007-02-17"
      }
    ],
    "buylineCashTrade": "Cash",
    "grossAmount": 0,
    "commission": 0,
    "salesTax": 0,
    "netAmount": 0,
    "currency": "USD",
    "remittanceInfo": {
      "referenceSourceId": "490",
      "referenceName": "KHOU-TV",
      "addressLine1": "PO Box 14200",
      "city": "Houston",
      "state": "TX",
      "postalCode": "77001",
      "phoneNumber": "281-555-5555",
      "contactEmail": "BillingDept@KHOU.tv"
    },
    "externalComment": "Optional: Comments here",
    "lineDetails": [
      {
        "buyLineIdReference": "1",
        "unitType": "Units",
        "brand": {
          "brandId": "19",
          "brandName": "Kona"
        },
        "product": {
          "productId": "89",
          "productName": "Automobile"
        },
        "salesElement": {
          "mediaOutletId": "490",
          "salesElementName": "CBS This Morning",
          "salesElementId": "999",
          "salesElementType": "Program"
        },
        "timePeriod": {
          "dateWindow": {
            "startDate": "2020-02-17",
            "endDate": "2020-02-23"
          },
          "DOW": {
            "monday": true,
            "tuesday": true,
            "wednesday": true,
            "thursday": true,
            "friday": true,
            "saturday": false,
            "sunday": false
          },
          "timeWindow": {
            "startTime": "07:00:00",
            "endTime": "09:00:00"
          }
        },
        "length": 30,
        "cpeCode": {
          "clientCode": "HYUN",
          "productCode": "AUTO",
          "estimateCode": "987"
        },
        "billableRevenue": "Booked",
        "inventoryType": "Commercial",
        "audiencePricingMetric": {
          "audienceSegmentId": "string",
          "audienceMetric": {
            "audienceMetric": "Impressions",
            "audienceMetricValue": 0
          },
          "pricingMetric": {
            "pricingMetric": "CPM",
            "pricingMetricValue": 1.69
          }
        },
        "totalUnits": 2,
        "unitDetails": [
          {
            "unitId": "5699",
            "adId": "HYUN1234",
            "dateTime": {
              "broadcastDate": "2020-02-17",
              "calendarDateTime": "2020-02-17T07:23:00"
            },
            "preempt": false,
            "makegood": false,
            "adu": false,
            "bonus": false,
            "rate": 525.00,
            "credit": false,
            "comment": "Optional: Comment here"
          },
          {
            "unitId": "567100",
            "adId": "HYUN1235",
            "dateTime": {
              "broadcastDate": "2020-02-17",
              "calendarDateTime": "2020-02-17T08:23:00"
            },
            "preempt": false,
            "makegood": false,
            "adu": false,
            "bonus": false,
            "rate": 525.00,
            "credit": false,
            "comment": "Optional : comments here"
          }
        ]
      },
      {
        "buyLineIdReference": "2",
        "unitType": "Units",
        "brand": {
          "brandId": "19",
          "brandName": "Kona"
        },
        "product": {
          "productId": "89",
          "productName": "Automobile"
        },
        "salesElement": {
          "mediaOutletId": "490",
          "salesElementName": "CBS This Morning",
          "salesElementId": "999",
          "salesElementType": "Program"
        },
        "timePeriod": {
          "dateWindow": {
            "startDate": "2020-02-17",
            "endDate": "2020-02-23"
          },
          "DOW": {
            "monday": true,
            "tuesday": true,
            "wednesday": true,
            "thursday": true,
            "friday": true,
            "saturday": false,
            "sunday": false
          },
          "timeWindow": {
            "startTime": "07:00:00",
            "endTime": "09:00:00"
          }
        },
        "length": 15,
        "cpeCode": {
          "clientCode": "HYUN",
          "productCode": "AUTO",
          "estimateCode": "987"
        },
        "billableRevenue": "Booked",
        "inventoryType": "interstial",
        "audiencePricingMetric": {
          "audienceSegmentId": "string",
          "audienceMetric": {
            "audienceMetric": "Impressions",
            "audienceMetricValue": 0
          },
          "pricingMetric": {
            "pricingMetric": "CPM",
            "pricingMetricValue": 1.94
          }
        },
        "totalUnits": 1,
        "unitDetails": [
          {
            "unitId": "56799",
            "adId": "HYUN1234",
            "dateTime": {
              "broadcastDate": "2020-02-17",
              "calendarDateTime": "2020-02-17T07:05:00"
            },
            "preempt": false,
            "makegood": false,
            "adu": false,
            "bonus": false,
            "rate": 600.00,
            "credit": false,
            "comment": "Optional: Comment here"
          }
        ]
      },
      {
        "buyLineIdReference": "3",
        "unitType": "Units",
        "brand": {
          "brandId": "19",
          "brandName": "Kona"
        },
        "product": {
          "productId": "89",
          "productName": "Automobile"
        },
        "salesElement": {
          "mediaOutletId": "490",
          "salesElementName": "Prime Weekend",
          "salesElementId": "55",
          "salesElementType": "Time Based"
        },
        "timePeriod": {
          "dateWindow": {
            "startDate": "2020-02-17",
            "endDate": "2020-02-23"
          },
          "DOW": {
            "monday": false,
            "tuesday": false,
            "wednesday": false,
            "thursday": false,
            "friday": false,
            "saturday": true,
            "sunday": true
          },
          "timeWindow": {
            "startTime": "19:00:00",
            "endTime": "22:00:00"
          }
        },
        "length": 30,
        "cpeCode": {
          "clientCode": "HYUN",
          "productCode": "AUTO",
          "estimateCode": "987"
        },
        "billableRevenue": "Booked",
        "inventoryType": "Commercial",
        "audiencePricingMetric": {
          "audienceSegmentId": "string",
          "audienceMetric": {
            "audienceMetric": "Impressions",
            "audienceMetricValue": 0
          },
          "pricingMetric": {
            "pricingMetric": "CPM",
            "pricingMetricValue": 1.21
          }
        },
        "totalUnits": 10,
        "unitDetails": [
          {
            "unitId": "56799",
            "adId": "HYUN1234",
            "dateTime": {
              "broadcastDate": "2020-02-17",
              "calendarDateTime": "2020-02-17T19:14:00"
            },
            "preempt": false,
            "makegood": false,
            "adu": false,
            "bonus": false,
            "rate": 525.00,
            "credit": false,
            "comment": "Optional: Comment here"
          },
          {
            "unitId": "567100",
            "adId": "HYUN1235",
            "dateTime": {
              "broadcastDate": "2020-02-17",
              "calendarDateTime": "2020-02-17T19:33:00"
            },
            "preempt": false,
            "makegood": false,
            "adu": false,
            "bonus": false,
            "rate": 525.00,
            "credit": false,
            "comment": "Optional: Comment here"
          },
          {
            "unitId": "56799",
            "adId": "HYUN1238",
            "dateTime": {
              "broadcastDate": "2020-02-18",
              "calendarDateTime": "2020-02-18T19:23:00"
            },
            "preempt": false,
            "makegood": false,
            "adu": false,
            "bonus": false,
            "rate": 525.00,
            "credit": false,
            "comment": "Optional: Comment here"
          },
          {
            "unitId": "56799",
            "adId": "HYUN1234",
            "dateTime": {
              "broadcastDate": "2020-02-18",
              "calendarDateTime": "2020-02-18T19:44:00"
            },
            "preempt": false,
            "makegood": false,
            "adu": false,
            "bonus": false,
            "rate": 525.00,
            "credit": false,
            "comment": "Optional: Comment here"
          },
          {
            "unitId": "56799",
            "adId": "HYUN1235",
            "dateTime": {
              "broadcastDate": "2020-02-19",
              "calendarDateTime": "2020-02-19T19:23:00"
            },
            "preempt": false,
            "makegood": false,
            "adu": false,
            "bonus": false,
            "rate": 525.00,
            "credit": false,
            "comment": "Optional: Comment here"
          },
          {
            "unitId": "56799",
            "adId": "HYUN1238",
            "dateTime": {
              "broadcastDate": "2020-02-19",
              "calendarDateTime": "2020-02-19T20:23:00"
            },
            "preempt": false,
            "makegood": false,
            "adu": false,
            "bonus": false,
            "rate": 525.00,
            "credit": false,
            "comment": "Optional: Comment here"
          },
          {
            "unitId": "56799",
            "adId": "HYUN1234",
            "dateTime": {
              "broadcastDate": "2020-02-20",
              "calendarDateTime": "2020-02-20T19:23:00"
            },
            "preempt": false,
            "makegood": false,
            "adu": false,
            "bonus": false,
            "rate": 525.00,
            "credit": false,
            "comment": "Optional: Comment here"
          },
          {
            "unitId": "56799",
            "adId": "HYUN1235",
            "dateTime": {
              "broadcastDate": "2020-02-20",
              "calendarDateTime": "2020-02-20T19:45:00"
            },
            "preempt": false,
            "makegood": false,
            "adu": false,
            "bonus": false,
            "rate": 525.00,
            "credit": false,
            "comment": "Optional: Comment here"
          },
          {
            "unitId": "56799",
            "adId": "HYUN1238",
            "dateTime": {
              "broadcastDate": "2020-02-21",
              "calendarDateTime": "2020-02-21T20:23:00"
            },
            "preempt": false,
            "makegood": false,
            "adu": false,
            "bonus": false,
            "rate": 525.00,
            "credit": false,
            "comment": "Optional: Comment here"
          },
          {
            "unitId": "56799",
            "adId": "HYUN1234",
            "dateTime": {
              "broadcastDate": "2020-02-21",
              "calendarDateTime": "2020-02-21T19:45:00"
            },
            "preempt": false,
            "makegood": false,
            "adu": false,
            "bonus": false,
            "rate": 525.00,
            "credit": false,
            "comment": "Optional: Comment here"
          }
        ]
      }
    ]
  }